split,h5_path,patch_id,center_id,sat_mean,colorfulness,grad_energy,p_soft_white,gray_p1,gray_p99,gray_range_p99_p1,gray_std,gray_entropy,p_black,p_white,score,is_outlier,rank_worst_first
train,train.h5,27858,0,0.0007018058095127344,0.0012110956013202667,0.007724089547991753,0.2807074652777778,0.0,1.0,1.0,0.44576409459114075,0.7805328597225438,0.6997612847222222,0.2696397569444444,4.922115166361133,True,1
train,train.h5,56293,0,0.001193488948047161,0.0011935557704418898,0.005926295183598995,0.283203125,0.0,0.9995547533035278,0.9995547533035278,0.4492621123790741,0.7085159312838663,0.6988932291666666,0.283203125,4.889203529184063,True,2
train,train.h5,16574,3,0.0021775001659989357,0.002055284334346652,0.005609545856714249,0.2449001736111111,0.0,0.99609375,0.99609375,0.4264349639415741,0.69365135812119,0.7375217013888888,0.2406684027777778,4.824096918726961,True,3
train,train.h5,11003,3,0.003181541571393609,0.0018731711897999048,0.005642863921821117,0.2449001736111111,0.0,0.9991093873977661,0.9991093873977661,0.4265463650226593,0.6682762991799438,0.7377387152777778,0.244140625,4.769627222170432,True,4
train,train.h5,23292,0,0.0014726538211107254,0.0032033089082688093,0.0059059057384729385,0.2864583333333333,0.0,0.9917421936988831,0.9917421936988831,0.4465591609477997,0.7651537736051105,0.6969401041666666,0.2864583333333333,4.733679307624698,True,5
train,train.h5,88603,0,0.0024342129472643137,0.002674639690667391,0.005643746815621853,0.2701822916666667,0.0,0.9839296936988831,0.9839296936988831,0.43372780084609985,0.7528054170814751,0.7136501736111112,0.1789279513888889,4.729885084554553,True,6
train,train.h5,51428,0,0.0022857757285237312,0.0016454283613711596,0.007174992933869362,0.3825954861111111,0.0,1.0,1.0,0.48157763481140137,0.8024933743654346,0.5946180555555556,0.3822699652777778,4.629846810673674,True,7
train,train.h5,2334,0,0.001266485545784235,0.0026374065782874823,0.0054535712115466595,0.40625,0.0,0.9926328659057617,0.9926328659057617,0.48423272371292114,0.7373007086260945,0.5833333333333334,0.40625,4.614740525061885,True,8
train,train.h5,90854,3,0.001891345251351595,0.003495696699246764,0.005441918969154358,0.3645833333333333,0.0,0.9867109060287476,0.9867109060287476,0.47152355313301086,0.8739053065023918,0.6354166666666666,0.32421875,4.593988869960109,True,9
train,train.h5,76722,0,0.0014986221212893724,0.0027084150351583958,0.005504755303263664,0.40625,0.0,0.9926328659057617,0.9926328659057617,0.48340603709220886,0.8202177055697923,0.5729166666666666,0.40625,4.5789058562368155,True,10
train,train.h5,69640,0,0.0014173497911542654,0.0029478012584149837,0.005639434326440096,0.40625,0.0,0.9929101467132568,0.9929101467132568,0.4827187955379486,0.9736892382557787,0.5771484375,0.3994140625,4.574712586278717,True,11
train,train.h5,5610,0,0.0015030886279419065,0.0031181471422314644,0.005468958988785744,0.4166666666666667,0.0,0.9882811903953552,0.9882811903953552,0.4852624833583832,0.9565120739551823,0.5729166666666666,0.4165581597222222,4.551292615321775,True,12
train,train.h5,50062,0,0.002465209923684597,0.0031392390374094248,0.0055175661109387875,0.3645833333333333,0.0,0.9921875,0.9921875,0.4755397140979767,0.8172363539213211,0.6145833333333334,0.3645833333333333,4.548245069260399,True,13
train,train.h5,86657,0,0.001591197564266622,0.0030819091480225325,0.005586154758930206,0.40625,0.0,0.9901654124259949,0.9901654124259949,0.4818808138370514,0.9386065397786529,0.5729166666666666,0.4014756944444444,4.547834552514057,True,14
train,train.h5,90526,3,0.0061379047110676765,0.0034647691063582897,0.0049398066475987434,0.20399305555555555,0.0,0.9857773780822754,0.9857773780822754,0.397258460521698,0.6803168815492471,0.78125,0.1782769097222222,4.5437354159851875,True,15
train,train.h5,49774,0,0.0016116035403683782,0.0031590142752975225,0.00549272820353508,0.40625,0.0,0.9900937080383301,0.9900937080383301,0.4821036756038666,0.8959031429949639,0.5729166666666666,0.4049479166666667,4.54133381228894,True,16
train,train.h5,84548,0,0.0017481992254033685,0.003275117138400674,0.005608222912997007,0.40625,0.0,0.9886948466300964,0.9886948466300964,0.4816206693649292,0.9631209308370388,0.5833333333333334,0.3575303819444444,4.5401122424130635,True,17
train,train.h5,5280,3,0.002031308598816395,0.001670925528742373,0.005622048396617174,0.4791666666666667,0.0,1.0,1.0,0.4931408166885376,0.8019744869725576,0.5104166666666666,0.46875,4.518809391496083,True,18
train,train.h5,37205,0,0.0018863251898437738,0.003566155442968011,0.005557151045650244,0.40625,0.0,0.9873905777931213,0.9873905777931213,0.4794698655605316,0.9877243546404396,0.5833333333333334,0.3490668402777778,4.511501291145881,True,19
train,train.h5,69818,0,0.0026275096461176872,0.003067971207201481,0.005497036501765251,0.3854166666666667,0.0,0.9956483840942383,0.9956483840942383,0.4804670810699463,0.7909921104882839,0.59375,0.3840060763888889,4.510926276445389,True,20
train,train.h5,83436,0,0.0019458236638456583,0.0036054402589797974,0.005579281132668257,0.40625,0.0,0.9921875,0.9921875,0.4831664562225342,0.8711959323023122,0.5833333333333334,0.4046223958333333,4.504915738478303,True,21
train,train.h5,79655,0,0.0018318407237529755,0.0035643293522298336,0.005528379697352648,0.4166666666666667,0.0,0.9795781373977661,0.9795781373977661,0.48007628321647644,0.7409883871650436,0.5729166666666666,0.007921006944444444,4.499630328267813,True,22
train,train.h5,55912,0,0.0022496143355965614,0.002362089231610298,0.0054437885992228985,0.46875,0.0,0.9921875,0.9921875,0.49196526408195496,0.7500710032339052,0.5208333333333334,0.46875,4.473803095519543,True,23
train,train.h5,20133,3,0.0022636193316429853,0.004016593564301729,0.005571149755269289,0.40625,0.0,0.9866679906845093,0.9866679906845093,0.48029637336730957,0.9368170653747764,0.5833333333333334,0.333984375,4.456319140270352,True,24
train,train.h5,91887,3,0.003756992518901825,0.0018865889869630337,0.005759285297244787,0.4356553819444444,0.0,1.0,1.0,0.4913282096385956,0.7905751623297925,0.5536024305555556,0.4325086805555556,4.454164878775676,True,25
train,train.h5,18344,0,0.0031994404271245003,0.003691090503707528,0.005621100775897503,0.3854166666666667,0.0,0.9908515810966492,0.9908515810966492,0.4785085916519165,0.9892903274660834,0.6041666666666666,0.3740234375,4.4468812712778645,True,26
train,train.h5,58985,3,0.003082097275182605,0.0043129390105605125,0.005531765054911375,0.3645833333333333,0.0,0.9846458435058594,0.9846458435058594,0.470899373292923,0.7638977040267767,0.625,0.2253689236111111,4.4444975809504585,True,27
train,train.h5,90144,3,0.003549792803823948,0.004129977431148291,0.00558637036010623,0.3541666666666667,0.0,0.9917421936988831,0.9917421936988831,0.4726923108100891,0.8980639347899411,0.6354166666666666,0.3490668402777778,4.441140317668517,True,28
train,train.h5,46906,0,0.0041419463232159615,0.003433224279433489,0.00569508271291852,0.3627387152777778,0.0,0.9921875,0.9921875,0.4726100265979767,0.9615810365035562,0.6261935763888888,0.3336588541666667,4.43427899107337,True,29
train,train.h5,67110,3,0.003420697757974267,0.004392227157950401,0.006672765128314495,0.3466796875,0.0,0.9781757593154907,0.9781757593154907,0.46244016289711,0.8168973041024986,0.6328125,0.002495659722222222,4.4283570889383554,True,30
train,train.h5,49306,0,0.008965553715825081,0.0037835687398910522,0.004682270810008049,0.1733940972222222,0.0,0.9834843873977661,0.9834843873977661,0.3722095191478729,0.6082376060228036,0.8087022569444444,0.036566840277777776,4.426657726367315,True,31
train,train.h5,79122,0,0.0027191999834030867,0.0031971032731235027,0.0054054963402450085,0.4479166666666667,0.0,0.99609375,0.99609375,0.4904983937740326,0.8459845856452446,0.5416666666666666,0.4343532986111111,4.418079782898227,True,34
train,train.h5,68603,3,0.0024130349047482014,0.00430340925231576,0.005820687860250473,0.40625,0.0,0.98046875,0.98046875,0.47587987780570984,0.899733467024705,0.5729166666666666,0.0146484375,4.411612056195736,True,35
train,train.h5,91227,0,0.0025484003126621246,0.0044072410091757774,0.0056745391339063644,0.40625,0.0,0.9894492030143738,0.9894492030143738,0.48171600699424744,1.0340242141810423,0.5833333333333334,0.3922526041666667,4.41129057854414,True,36
train,train.h5,81711,0,0.001704919384792447,0.003421832574531436,0.005619043949991465,0.4895833333333333,0.0,0.99609375,0.99609375,0.49250558018684387,0.8369605354830477,0.5,0.4781901041666667,4.4082165360450745,True,37
train,train.h5,85436,3,0.003616050351411104,0.003911967854946852,0.0057574124075472355,0.3958333333333333,0.0,1.0,1.0,0.48019108176231384,0.9277289838004283,0.6041666666666666,0.21180555555555555,4.404382119576136,True,38
train,train.h5,82099,0,0.0023646934423595667,0.004275532439351082,0.00544824730604887,0.4166666666666667,0.0,0.963718831539154,0.963718831539154,0.47032999992370605,0.7975163378579104,0.5625,0.0,4.401068274552624,True,39
train,train.h5,64969,0,0.006920359563082457,0.002385206986218691,0.005884828511625528,0.3091362847222222,0.0,0.9952030777931213,0.9952030777931213,0.45742812752723694,0.7515027982859295,0.6791449652777778,0.3028428819444444,4.398346344629924,True,40
train,train.h5,73277,3,0.002562994370236993,0.0046142153441905975,0.005867408588528633,0.40625,0.0,0.9921875,0.9921875,0.48074403405189514,1.0625759503817793,0.5833333333333334,0.3165147569444444,4.396519352371494,True,41
train,train.h5,22722,0,0.00431598536670208,0.002461859956383705,0.005500534549355507,0.4270833333333333,0.0,1.0,1.0,0.488315224647522,0.8055128984814883,0.5625,0.4143880208333333,4.391893645127614,True,42
train,train.h5,47578,0,0.0041105905547738075,0.0036317878402769566,0.0057243164628744125,0.3853081597222222,0.0,0.9944136142730713,0.9944136142730713,0.4793784022331238,0.8576098318816757,0.6039496527777778,0.3726128472222222,4.389765919496616,True,43
train,train.h5,562,3,0.003225987544283271,0.004319617059081793,0.0056810216046869755,0.3854166666666667,0.0,0.9784101843833923,0.9784101843833923,0.47269102931022644,0.8693544224207819,0.59375,0.0048828125,4.387584693108996,True,44
train,train.h5,32590,3,0.00254011619836092,0.004415187984704971,0.005676388740539551,0.4166666666666667,0.0,0.9905741810798645,0.9905741810798645,0.4832601547241211,1.0542092201567177,0.5625,0.3853081597222222,4.380063054462274,True,45
train,train.h5,54855,3,0.0023399703204631805,0.003516223281621933,0.005685127805918455,0.4791666666666667,0.0,0.9979413747787476,0.9979413747787476,0.49250370264053345,0.8145472282526723,0.5104166666666666,0.4722222222222222,4.3752120931943255,True,46
train,train.h5,73958,3,0.0018050340004265308,0.0033612423576414585,0.00551148084923625,0.5,0.0,0.9926328659057617,0.9926328659057617,0.4914083778858185,0.8670433665048066,0.4791666666666667,0.4990234375,4.3743315761288,True,47
train,train.h5,89370,0,0.002006087452173233,0.003650703001767397,0.005518999416381121,0.4791666666666667,0.0,0.9940351247787476,0.9940351247787476,0.49187925457954407,0.8240377695476109,0.5,0.4787326388888889,4.372880636403958,True,48
train,train.h5,54856,3,0.002753400942310691,0.0037841484881937504,0.005979469511657953,0.4443359375,0.0,0.9894492030143738,0.9894492030143738,0.4860265254974365,1.098331289734987,0.5390625,0.3508029513888889,4.372757121299704,True,49
train,train.h5,40911,0,0.005517520476132631,0.002734242007136345,0.005411457270383835,0.375,0.0,0.9901288747787476,0.9901288747787476,0.47853416204452515,0.7878487132986368,0.6145833333333334,0.3747829861111111,4.371757501115401,True,50
train,train.h5,90121,3,0.002125693252310157,0.0036627808585762978,0.005734853912144899,0.4791666666666667,0.0,0.9956483840942383,0.9956483840942383,0.4905981719493866,0.9076983693281226,0.5,0.4787326388888889,4.364101725940903,True,51
train,train.h5,29117,3,0.006270046811550856,0.0026265298947691917,0.005525678861886263,0.3463541666666667,0.0,0.99609375,0.99609375,0.47188660502433777,0.7561636071102931,0.6354166666666666,0.34375,4.360019886245331,True,52
train,train.h5,54451,3,0.004332924727350473,0.0043243723921477795,0.006926922593265772,0.3671875,0.0,0.973095178604126,0.973095178604126,0.4608071446418762,1.030407785286556,0.6223958333333334,0.00010850694444444444,4.356440608700117,True,53
train,train.h5,7213,3,0.002010375028476119,0.0034658184740692377,0.005525908432900906,0.5,0.0,0.9921875,0.9921875,0.4913402497768402,0.8311128268468617,0.4791666666666667,0.4992404513888889,4.353670433163643,True,54
train,train.h5,38592,3,0.0029102759435772896,0.004916145466268063,0.005719046574085951,0.40625,0.0,0.9726563096046448,0.9726563096046448,0.4729652404785156,0.9893555710563173,0.5833333333333334,0.00021701388888888888,4.353238572676976,True,55
train,train.h5,40566,0,0.0026579785626381636,0.004045264795422554,0.0055048842914402485,0.4479166666666667,0.0,0.9956483840942383,0.9956483840942383,0.49078136682510376,0.8022349026297462,0.53125,0.4479166666666667,4.349992109462619,True,56
train,train.h5,31599,3,0.004167607985436916,0.003486594883725047,0.005537299904972315,0.4270833333333333,0.0,0.9901288747787476,0.9901288747787476,0.48691627383232117,1.025042006619374,0.5625,0.4190538194444444,4.333469808722536,True,57
train,train.h5,18720,0,0.0027082343585789204,0.003483740147203207,0.005594588350504637,0.5,0.0,0.9894062876701355,0.9894062876701355,0.490446001291275,1.0593783913921448,0.4895833333333333,0.4892578125,4.321576699614525,True,58
train,train.h5,56854,0,0.002531724749132991,0.004110310226678848,0.005782684311270714,0.4791666666666667,0.0,0.9846522808074951,0.9846522808074951,0.4856352210044861,0.8780134108612688,0.5,0.18934461805555555,4.30719766827921,True,59
train,train.h5,89455,0,0.005286474246531725,0.0030679646879434586,0.00629337877035141,0.41015625,0.0,0.9933554530143738,0.9933554530143738,0.4840002954006195,0.9417846859965844,0.5730251736111112,0.4048394097222222,4.3025751647849875,True,60
train,train.h5,87432,3,0.004485047422349453,0.004648908041417599,0.005718215834349394,0.375,0.0,0.9663888812065125,0.9663888812065125,0.46273717284202576,0.8583299124274221,0.6041666666666666,0.00010850694444444444,4.297319635748863,True,61
train,train.h5,50647,0,0.005056316033005714,0.0034894319251179695,0.005446354392915964,0.4270833333333333,0.0,0.9873905777931213,0.9873905777931213,0.4863969087600708,1.017576654696608,0.5725911458333334,0.4172092013888889,4.289170188208421,True,62
train,train.h5,65034,3,0.006190446671098471,0.004006414208561182,0.005891325883567333,0.333984375,0.0,0.9903632402420044,0.9903632402420044,0.4609251916408539,1.0941213539840338,0.6444227430555556,0.2033420138888889,4.28684338927269,True,63
train,train.h5,28409,0,0.0031773457303643227,0.004433334805071354,0.005626147612929344,0.4583333333333333,0.0,0.9882811903953552,0.9882811903953552,0.48772478103637695,1.1117275118284808,0.5208333333333334,0.4480251736111111,4.273871297637621,True,64
train,train.h5,12613,0,0.003880617208778858,0.00497488072142005,0.006178927607834339,0.4269748263888889,0.0,0.9875950813293457,0.9875950813293457,0.48308202624320984,0.9557481955184803,0.5625,0.2702907986111111,4.253383471320073,True,65
train,train.h5,16837,0,0.004541012458503246,0.004091333597898483,0.006028961390256882,0.4356553819444444,0.0,0.9862226843833923,0.9862226843833923,0.481042742729187,0.972621866467958,0.5494791666666666,0.12890625,4.248729012906551,True,66
train,train.h5,7740,0,0.0034297306556254625,0.005860674194991589,0.005658505484461784,0.4166666666666667,0.0,0.9811484217643738,0.9811484217643738,0.4807918071746826,0.7857529069078077,0.5729166666666666,0.026801215277777776,4.24001467662553,True,67
train,train.h5,93512,3,0.004267016891390085,0.0045598531141877174,0.0057456777431070805,0.4479166666666667,0.0,0.9765625,0.9765625,0.48228150606155396,0.9563647873848807,0.5520833333333334,0.003146701388888889,4.239666999628146,True,68
train,train.h5,77570,3,0.00547225633636117,0.004775812849402428,0.005556255113333464,0.375,0.0,0.9862226843833923,0.9862226843833923,0.47271111607551575,0.854659300484623,0.6145833333333334,0.24479166666666666,4.23867038761576,True,69
train,train.h5,51721,0,0.005366649944335222,0.0037415032275021076,0.005447946488857269,0.4166666666666667,0.0,0.9878358840942383,0.9878358840942383,0.4828907549381256,1.070192288425258,0.5625,0.4120008680555556,4.236539788544178,True,70
train,train.h5,61829,0,0.005556231830269098,0.005210113245993853,0.005428292788565159,0.3541666666666667,0.0,0.9596015810966492,0.9596015810966492,0.4553675651550293,0.9107682812591084,0.6354166666666666,0.0,4.23536866158247,True,71
train,train.h5,4417,0,0.0037574470043182373,0.0044228313490748405,0.005709916353225708,0.46875,0.0,0.9832069873809814,0.9832069873809814,0.4850834906101227,0.8161277857604377,0.5104166666666666,0.09429253472222222,4.220273109773795,True,73
train,train.h5,41568,3,0.004036982078105211,0.0038168998435139656,0.0057374536991119385,0.5,0.0,0.9956483840942383,0.9956483840942383,0.4930959939956665,0.83572566523059,0.4891493055555556,0.4976128472222222,4.2101318302253885,True,74
train,train.h5,65474,0,0.004677175544202328,0.004129964858293533,0.005615629255771637,0.4479166666666667,0.0,0.9917421936988831,0.9917421936988831,0.48830533027648926,1.0144576041739388,0.53125,0.4478081597222222,4.209732306500276,True,75
train,train.h5,37905,3,0.01112675666809082,0.002803287236019969,0.005467217415571213,0.2392578125,0.0,0.9921875,0.9921875,0.42245689034461975,0.685963949938644,0.7498914930555556,0.2338324652777778,4.196167645975947,True,78
train,train.h5,8390,3,0.0032109941821545362,0.005105941090732813,0.005823970772325993,0.4875217013888889,0.0,0.9866679906845093,0.9866679906845093,0.4864695072174072,0.9263695048665888,0.5,0.2639973958333333,4.195537648474176,True,79
train,train.h5,62219,3,0.006340005435049534,0.0034241925459355116,0.005720371380448341,0.4268663194444444,0.0,0.9926328659057617,0.9926328659057617,0.4866847097873688,1.035096415676038,0.5620659722222222,0.3506944444444444,4.192152426267663,True,80
train,train.h5,29375,3,0.006043842062354088,0.005017036572098732,0.005671595223248005,0.3645833333333333,0.0,0.9749922156333923,0.9749922156333923,0.46409526467323303,1.017394582548149,0.6145833333333334,0.0007595486111111111,4.184483091036478,True,81
train,train.h5,57881,0,0.004459090530872345,0.004750564228743315,0.0061193048022687435,0.4503038194444444,0.0,0.9811913967132568,0.9811913967132568,0.4816097617149353,1.1008234039836275,0.5315755208333334,0.04861111111111111,4.183386297275623,True,82
train,train.h5,35236,3,0.004419676028192043,0.003717645537108183,0.005639885552227497,0.5,0.0,0.9901288747787476,0.9901288747787476,0.48900580406188965,1.1362823486808389,0.4791666666666667,0.4849175347222222,4.176261895646652,True,83
train,train.h5,66968,3,0.008979493752121925,0.004334259312599897,0.006524241995066404,0.2892795138888889,0.0,0.9896835684776306,0.9896835684776306,0.44415897130966187,0.8780958977450355,0.6991102430555556,0.1840277777777778,4.161081826935211,True,84
train,train.h5,51113,3,0.006639302242547274,0.0031461622565984726,0.005584585014730692,0.4479166666666667,0.0,0.9933554530143738,0.9933554530143738,0.4896337389945984,0.8158357673819449,0.5416666666666666,0.435546875,4.16013570005695,True,85
train,train.h5,84479,0,0.008457038551568985,0.003049645107239485,0.006151515059173107,0.3634982638888889,0.0,0.9944804310798645,0.9944804310798645,0.4736747443675995,0.9766961006041275,0.6142578125,0.3580729166666667,4.154274474829435,True,86
train,train.h5,18381,3,0.006585931405425072,0.00461471127346158,0.0057497513480484486,0.3854166666666667,0.0,0.9834843873977661,0.9834843873977661,0.4736858308315277,0.8260669813652026,0.59375,0.07552083333333333,4.1439154880742235,True,87
train,train.h5,5176,0,0.0072365873493254185,0.0031535462476313114,0.005527537781745195,0.4375,0.0,0.9887264966964722,0.9887264966964722,0.48651283979415894,0.9930886783290618,0.5520833333333334,0.4351128472222222,4.135449426869552,True,88
train,train.h5,91623,0,0.0037839810829609632,0.005446331109851599,0.005654655862599611,0.4895833333333333,0.0,0.9848203063011169,0.9848203063011169,0.4878610372543335,0.8702819146042318,0.5,0.3074001736111111,4.134645853812495,True,89
train,train.h5,71127,0,0.005959592293947935,0.004517765250056982,0.00557246059179306,0.4479166666666667,0.0,0.9869452714920044,0.9869452714920044,0.48831117153167725,0.9574088517364552,0.5520833333333334,0.4131944444444444,4.1296344970663394,True,90
train,train.h5,67794,3,0.008562144823372364,0.004025959875434637,0.005557937081903219,0.34375,0.0,0.9912968873977661,0.9912968873977661,0.46658846735954285,0.9537077450487621,0.6458333333333334,0.3198784722222222,4.1295430200795336,True,91
train,train.h5,84549,3,0.0042932298965752125,0.007084782235324383,0.005556562449783087,0.3958333333333333,0.0,0.9905741810798645,0.9905741810798645,0.4817068874835968,0.9063742273932419,0.5833333333333334,0.3917100694444444,4.11646585787336,True,92
train,train.h5,56171,3,0.0043574366718530655,0.005416410509496927,0.005804411135613918,0.4791666666666667,0.0,0.9818710684776306,0.9818710684776306,0.4858110249042511,0.8071529617735812,0.5104166666666666,0.03634982638888889,4.11403518791,True,93
train,train.h5,21084,0,0.010690312832593918,0.003568582935258746,0.006036854349076748,0.2843967013888889,0.0,0.9800234436988831,0.9800234436988831,0.43952828645706177,0.7508128186132754,0.7037760416666666,0.013129340277777778,4.105071011309822,True,94
train,train.h5,13024,3,0.00404923502355814,0.005743539892137051,0.005883471108973026,0.4874131944444444,0.0,0.9885156750679016,0.9885156750679016,0.48786044120788574,0.9116112674495628,0.4958767361111111,0.2378472222222222,4.090963443120321,True,95
train,train.h5,73624,3,0.007888746447861195,0.005051484797149897,0.006170180160552263,0.3586154513888889,0.0,0.9733789563179016,0.9733789563179016,0.46171560883522034,0.994701304850973,0.62109375,0.002387152777777778,4.06895854199926,True,99
train,train.h5,81898,3,0.003978928085416555,0.006133260205388069,0.005937837529927492,0.4847005208333333,0.0,0.9770078063011169,0.9770078063011169,0.4759756326675415,1.309748138510876,0.4944661458333333,0.002387152777777778,4.067553332696358,True,100
train,train.h5,39085,0,0.0073435548692941666,0.004698221571743488,0.005758021026849747,0.4228515625,0.0,0.96875,0.96875,0.47510460019111633,0.8025637042592283,0.5755208333333334,0.0,4.060496153930823,True,101
train,train.h5,53035,0,0.008206394501030445,0.002706098137423396,0.005532058887183666,0.4583333333333333,0.0,0.9933554530143738,0.9933554530143738,0.48992490768432617,0.8326261158045267,0.5208333333333334,0.4577907986111111,4.053750490769744,True,102
train,train.h5,32376,3,0.004759224131703377,0.007835576310753822,0.006531551014631987,0.3938802083333333,0.0,0.9901288747787476,0.9901288747787476,0.47824767231941223,0.9767775839669968,0.59375,0.2759331597222222,4.05097163716952,True,103
train,train.h5,35308,3,0.0070896148681640625,0.004061627201735973,0.005694924388080835,0.4605034722222222,0.0,0.9928749799728394,0.9928749799728394,0.4902251064777374,0.846089733545335,0.5269097222222222,0.4512803819444444,4.046948445339997,True,104
train,train.h5,72475,3,0.00427517993375659,0.006159350275993347,0.005893014837056398,0.4895833333333333,0.0,0.9797208905220032,0.9797208905220032,0.48323696851730347,0.945945188602879,0.4895833333333333,0.009114583333333334,4.038739652683337,True,106
train,train.h5,44136,3,0.002732415683567524,0.010031023994088173,0.006070033181458712,0.40625,0.0,1.0,1.0,0.48573946952819824,0.9556135292415433,0.5833333333333334,0.3637152777777778,4.02410402148962,True,107
train,train.h5,56695,3,0.006564747542142868,0.0051456936635077,0.008206972852349281,0.4476996527777778,0.0,0.9731016159057617,0.9731016159057617,0.477420449256897,1.0980054179540146,0.5320095486111112,0.001953125,4.017318242539963,True,108
train,train.h5,3564,0,0.005772600416094065,0.0056065781973302364,0.0058220429345965385,0.4791666666666667,0.0,0.9904062747955322,0.9904062747955322,0.4905696511268616,0.9979523411642071,0.5104166666666666,0.4284939236111111,4.00701309243838,True,109
train,train.h5,72902,3,0.004571189638227224,0.00660703144967556,0.005699302069842815,0.5,0.0,0.9719765782356262,0.9719765782356262,0.48090848326683044,1.0404921789662274,0.4791666666666667,0.0,3.9735352608064813,True,111
train,train.h5,34342,3,0.007526422385126352,0.005533572286367416,0.005846886895596981,0.4166666666666667,0.0,0.9722110033035278,0.9722110033035278,0.46631181240081787,1.3572816732113941,0.5625,0.0,3.9730836885670824,True,112
train,train.h5,584,3,0.0035391757264733315,0.010022226721048355,0.006612046621739864,0.4060329861111111,0.0,1.0,1.0,0.4849070906639099,1.0083999292690073,0.5833333333333334,0.3478732638888889,3.9709065034985542,True,113
train,train.h5,62007,3,0.006856301799416542,0.005727353040128946,0.005971071310341358,0.4790581597222222,0.0,0.9749491810798645,0.9749491810798645,0.4803677201271057,1.0829102283139311,0.5104166666666666,0.0013020833333333333,3.926714677363634,True,116
train,train.h5,69257,0,0.010873159393668175,0.0036584921181201935,0.006128020118921995,0.3870442708333333,0.0,0.9878358840942383,0.9878358840942383,0.47590094804763794,1.0596066094104044,0.5962456597222222,0.3064236111111111,3.9255917221307755,True,117
train,train.h5,20807,3,0.009131846018135548,0.0038582836277782917,0.006339477840811014,0.4533420138888889,0.0,1.0,1.0,0.48447173833847046,1.1957070855844192,0.5276692708333334,0.181640625,3.9254952631890774,True,118
train,train.h5,3524,0,0.0068284315057098866,0.007200134452432394,0.006301443092525005,0.4047309027777778,0.0,1.0,1.0,0.48730629682540894,0.9912346831819681,0.5729166666666666,0.3722873263888889,3.924137269457181,True,119
train,train.h5,63413,3,0.008952351287007332,0.010659664869308472,0.00566933024674654,0.1636284722222222,0.0,0.9671797156333923,0.9671797156333923,0.35472312569618225,0.754412655488288,0.8190104166666666,0.00043402777777777775,3.921047881245613,True,120
train,train.h5,38487,3,0.009814795106649399,0.005504406988620758,0.0056709302589297295,0.3796657986111111,0.0,0.9910194873809814,0.9910194873809814,0.47478508949279785,1.0391026643486831,0.6139322916666666,0.1845703125,3.899618297815323,True,121
train,train.h5,73336,0,0.011985205113887787,0.0025471621192991734,0.005960630252957344,0.4098307291666667,0.0,0.9933554530143738,0.9933554530143738,0.484523743391037,0.8773261192003694,0.5680338541666666,0.4083116319444444,3.8832262990375357,True,124
train,train.h5,14027,3,0.010314046405255795,0.003443797118961811,0.00542815774679184,0.4479166666666667,0.0,0.9956483840942383,0.9956483840942383,0.4903416931629181,0.7975646426061525,0.53125,0.4479166666666667,3.8796854317188263,True,125
train,train.h5,22483,3,0.00937599316239357,0.00532904826104641,0.005719822831451893,0.4166666666666667,0.0,0.9722539186477661,0.9722539186477661,0.47536346316337585,1.065447615594293,0.5729166666666666,0.00043402777777777775,3.8790389051040015,True,126
train,train.h5,2729,3,0.009200320579111576,0.005169547628611326,0.005665619857609272,0.4270833333333333,0.0,0.9705976843833923,0.9705976843833923,0.4758428633213043,0.9529341552943704,0.5520833333333334,0.0,3.870133786151807,True,127
train,train.h5,51243,3,0.00990356970578432,0.0048323730006814,0.005940214730799198,0.4110243055555556,0.0,0.9800234436988831,0.9800234436988831,0.47585049271583557,1.1010514264304507,0.5678168402777778,0.010308159722222222,3.8693290799856186,True,128
train,train.h5,89598,3,0.008584748022258282,0.006326901260763407,0.005842689890414476,0.4375,0.0,0.9747148752212524,0.9747148752212524,0.4698348641395569,1.0693789428391987,0.5520833333333334,0.00043402777777777775,3.8340150477985544,True,131
train,train.h5,59100,3,0.01156515534967184,0.0035737580619752407,0.00552315404638648,0.4270833333333333,0.0,0.9945234060287476,0.9945234060287476,0.4869994819164276,0.8415370097548693,0.5520833333333334,0.4264322916666667,3.8188641058901944,True,132
train,train.h5,73280,3,0.010724291205406189,0.00599117623642087,0.00568135641515255,0.3645833333333333,0.0,0.9738242626190186,0.9738242626190186,0.46355459094047546,1.018667196896792,0.6145833333333334,0.0,3.807510503878196,True,133
train,train.h5,90255,3,0.011153968051075935,0.005404577124863863,0.005590641405433416,0.3854166666666667,0.0,0.9652890563011169,0.9652890563011169,0.4655986428260803,0.8875917975776467,0.6041666666666666,0.0,3.8023469882706804,True,134
train,train.h5,63663,3,0.010238416492938995,0.0048345401883125305,0.005547297652810812,0.4479166666666667,0.0,0.9853320717811584,0.9853320717811584,0.48593565821647644,0.8941059330573212,0.53125,0.3650173611111111,3.792011221249898,True,136
train,train.h5,94209,0,0.013385789468884468,0.002774869790300727,0.005452243145555258,0.4375,0.0,0.9894492030143738,0.9894492030143738,0.48865100741386414,0.7728465443196404,0.5520833333333334,0.4375,3.7507477160543203,True,137
train,train.h5,33478,0,0.013393991626799107,0.004647037014365196,0.005498411133885384,0.3645833333333333,0.0,0.9719336032867432,0.9719336032867432,0.4633362591266632,0.9892633539601312,0.625,0.0,3.734764757255713,True,138
train,train.h5,77006,3,0.008664947003126144,0.012499453499913216,0.006450179498642683,0.22591145833333334,0.0,0.9667709469795227,0.9667709469795227,0.4005078077316284,0.8458181783222436,0.7606336805555556,0.0009765625,3.729990487297376,True,139
train,train.h5,94240,3,0.011509330943226814,0.005199830513447523,0.005798275116831064,0.46484375,0.0,0.9749491810798645,0.9749491810798645,0.47881340980529785,1.0506234453432275,0.5311414930555556,0.0014105902777777778,3.6827681424717107,True,140
train,train.h5,83544,3,0.013722633011639118,0.005440456327050924,0.005624410230666399,0.3415798611111111,0.0,0.9695156216621399,0.9695156216621399,0.455919474363327,0.8627066088108044,0.6375868055555556,0.00010850694444444444,3.678840919087331,True,142
train,train.h5,91140,3,0.015624244697391987,0.004107101820409298,0.005642794072628021,0.34375,0.0,0.9882811903953552,0.9882811903953552,0.4654850959777832,0.976318357221152,0.6354166666666666,0.2904730902777778,3.6377018988132477,True,145
train,train.h5,41181,3,0.004943823907524347,0.013812496326863766,0.006662020925432444,0.40625,0.0,0.9965390563011169,0.9965390563011169,0.4813667833805084,1.1140100437816696,0.5833333333333334,0.3143446180555556,3.6245786510407925,True,147
train,train.h5,19152,3,0.01698906533420086,0.003199521219357848,0.005506226792931557,0.34375,0.0,0.9894492030143738,0.9894492030143738,0.46680349111557007,0.8723402473741293,0.6458333333333334,0.33203125,3.6228442297627526,True,148
train,train.h5,42199,3,0.0058891549706459045,0.013354378752410412,0.008132239803671837,0.4114583333333333,0.0,0.9749239683151245,0.9749239683151245,0.47040295600891113,1.1101981267814365,0.5729166666666666,0.004448784722222222,3.5764727517962456,True,151
train,train.h5,53503,3,0.017695525661110878,0.0034397365525364876,0.005562637001276016,0.3333333333333333,0.0,0.9882811903953552,0.9882811903953552,0.4624903202056885,0.8989958583814093,0.65625,0.322265625,3.5753575190901756,True,152
train,train.h5,188,0,0.006001097150146961,0.014025513082742691,0.00746491551399231,0.3768446180555556,0.0,1.0,1.0,0.48010459542274475,0.984084755047689,0.6040581597222222,0.3438585069444444,3.570979890724023,True,153
train,train.h5,80561,0,0.004992587026208639,0.012711756862699986,0.007428241893649101,0.486328125,0.0,0.9949257373809814,0.9949257373809814,0.4886151850223541,1.2149906676560476,0.5,0.3922526041666667,3.5697104074060917,True,154
train,train.h5,27307,3,0.006096260622143745,0.014284630306065083,0.00670791557058692,0.3736979166666667,0.0,1.0,1.0,0.47919392585754395,0.9745661413338534,0.6143663194444444,0.3368055555555556,3.562823417286078,True,155
train,train.h5,81150,0,0.015329544432461262,0.004732752218842506,0.005579889286309481,0.4375,0.0,0.985542893409729,0.985542893409729,0.48409855365753174,0.9078475640449655,0.5416666666666666,0.3704427083333333,3.4750135565797486,True,157
train,train.h5,61547,3,0.014147196896374226,0.005628397688269615,0.005668008700013161,0.4583333333333333,0.0,0.9533593654632568,0.9533593654632568,0.47029832005500793,0.8567811535775802,0.5208333333333334,0.0,3.4628770276904106,True,158
train,train.h5,52743,0,0.016048671677708626,0.006649371236562729,0.0056820339523255825,0.3527560763888889,0.0,0.9875398278236389,0.9875398278236389,0.46752849221229553,1.0009955817664422,0.6354166666666666,0.3385416666666667,3.4399221390485764,True,159
train,train.h5,8118,0,0.011844135820865631,0.008190813474357128,0.007032477296888828,0.4741753472222222,0.0,0.9834492206573486,0.9834492206573486,0.48419496417045593,1.0803811834798243,0.5137803819444444,0.09483506944444445,3.4350072865684824,True,160
train,train.h5,81947,3,0.017018461599946022,0.005372623447328806,0.0060637034475803375,0.3714192708333333,0.0,0.9752265810966492,0.9752265810966492,0.46858203411102295,0.9876873622063633,0.6162109375,0.0018446180555555555,3.431577403098345,True,161
train,train.h5,49382,3,0.005273542366921902,0.01720433495938778,0.007423867471516132,0.400390625,0.0,0.9910560250282288,0.9910560250282288,0.477400541305542,1.2213646864964205,0.5833333333333334,0.3291015625,3.376474844912688,True,164
train,train.h5,5376,3,0.017878351733088493,0.004488224629312754,0.005731675773859024,0.4166666666666667,0.0,0.9800664186477661,0.9800664186477661,0.47849804162979126,0.8443690959012808,0.5625,0.012152777777777778,3.35264490917325,True,165
train,train.h5,50930,3,0.01618664711713791,0.005170851480215788,0.007883263751864433,0.4578993055555556,0.0,0.9738242626190186,0.9738242626190186,0.47875845432281494,1.1713452695062152,0.513671875,0.0005425347222222222,3.34667457267642,True,166
train,train.h5,98153,3,0.009871807880699635,0.013655072078108788,0.006889119278639555,0.4013671875,0.0,0.9878358840942383,0.9878358840942383,0.4782825708389282,1.1426500192999232,0.5729166666666666,0.3448350694444444,3.2909163360794387,True,170
train,train.h5,11249,3,0.020567864179611206,0.0055139390751719475,0.006545995362102985,0.2936197916666667,0.0,0.9460287094116211,0.9460287094116211,0.42539384961128235,0.9620679627479434,0.6845703125,0.0,3.2880685850977898,True,171
train,train.h5,98461,0,0.019180603325366974,0.0034615006297826767,0.005528975743800402,0.4583333333333333,0.0,0.9921875,0.9921875,0.4909003674983978,0.796668087654906,0.53125,0.4583333333333333,3.287401402990023,True,172
train,train.h5,88204,0,0.011781076900660992,0.010309286415576935,0.006981874816119671,0.4979383680555556,0.0,0.9694727063179016,0.9694727063179016,0.47644373774528503,1.1664984394382047,0.4895833333333333,0.00010850694444444444,3.261684112250805,True,173
train,train.h5,91464,0,0.017066964879631996,0.008790891617536545,0.006340320222079754,0.3432074652777778,0.0,0.9972617626190186,0.9972617626190186,0.46700382232666016,0.9950094741247333,0.6458333333333334,0.2904730902777778,3.244892900188764,True,175
train,train.h5,47583,3,0.006811503786593676,0.01587498188018799,0.007252115290611982,0.4733072916666667,0.0,0.9816367030143738,0.9816367030143738,0.48121580481529236,1.1108295617492736,0.5,0.026909722222222224,3.2375676222145557,True,177
train,train.h5,85169,3,0.00887281447649002,0.015119729563593864,0.006808220408856869,0.4340277777777778,0.0,0.9931093454360962,0.9931093454360962,0.4864981472492218,1.0983561334934218,0.5520833333333334,0.3757595486111111,3.2286220639944077,True,179
train,train.h5,6806,3,0.01997644081711769,0.004760469775646925,0.0056550344452261925,0.4270833333333333,0.0,0.9832500219345093,0.9832500219345093,0.48183074593544006,0.8272755560152647,0.5625,0.13661024305555555,3.1946226271490255,True,180
train,train.h5,64121,3,0.011694315820932388,0.015103611163794994,0.007257185410708189,0.3394097222222222,0.0,0.9949257373809814,0.9949257373809814,0.46656250953674316,0.9840464581589509,0.6458333333333334,0.3002387152777778,3.182221534351508,True,181
train,train.h5,43439,3,0.013207751326262951,0.013854474760591984,0.006322232075035572,0.3434244791666667,0.0,0.9956483840942383,0.9956483840942383,0.4680369794368744,0.9273818279891561,0.6458333333333334,0.3032769097222222,3.164601594209671,True,182
train,train.h5,97495,3,0.00785817950963974,0.016427908092737198,0.007169090211391449,0.4669053819444444,0.0,0.9991093873977661,0.9991093873977661,0.4907057285308838,1.0116086090904992,0.5208333333333334,0.4241536458333333,3.1621774931748705,True,183
train,train.h5,18903,0,0.012392807751893997,0.014458294957876205,0.00767479557543993,0.3688151041666667,0.0,0.9641146659851074,0.9641146659851074,0.45980191230773926,1.0854107448805266,0.6041666666666666,0.0007595486111111111,3.11617648601532,True,184
train,train.h5,63665,0,0.008981740102171898,0.016573427245020866,0.006440098863095045,0.4475911458333333,0.0,0.9917421936988831,0.9917421936988831,0.48485323786735535,1.3613484843871635,0.5416666666666666,0.2940538194444444,3.1088221768538156,True,185
train,train.h5,72557,3,0.008211735635995865,0.018532082438468933,0.006921892054378986,0.4046223958333333,0.0,0.9873905777931213,0.9873905777931213,0.47364991903305054,1.306938540300163,0.5844184027777778,0.14735243055555555,3.093706399202347,True,186
train,train.h5,57335,0,0.010740380734205246,0.01414187066257,0.007300849538296461,0.4816623263888889,0.0,0.9795529246330261,0.9795529246330261,0.479758083820343,1.2450303268624006,0.4895833333333333,0.007703993055555556,3.075558240214984,True,187
train,train.h5,83833,0,0.01410888321697712,0.01392321102321148,0.008382512256503105,0.3728298611111111,0.0,0.9781327843666077,0.9781327843666077,0.4646940529346466,1.3179292663494881,0.6041666666666666,0.006510416666666667,3.03744371732076,True,189
train,train.h5,26326,3,0.010919368825852871,0.016274677589535713,0.006268561817705631,0.4166666666666667,0.0,0.989274799823761,0.989274799823761,0.479518860578537,1.3137564429889799,0.5625,0.2770182291666667,3.0308135723074274,True,191
train,train.h5,20733,0,0.014956532046198845,0.01377949956804514,0.006579315755516291,0.3602430555555556,0.0,0.9910194873809814,0.9910194873809814,0.46832889318466187,1.1383756788414663,0.625,0.27734375,3.0217645590504008,True,192
train,train.h5,6784,3,0.010540957562625408,0.017558932304382324,0.00666300393640995,0.4137369791666667,0.0,0.9995547533035278,0.9995547533035278,0.484979510307312,1.1107965433875546,0.5625,0.3525390625,2.9704240088661513,True,194
train,train.h5,3478,3,0.021698929369449615,0.006500865798443556,0.005858170799911022,0.4309895833333333,0.0,0.9839296936988831,0.9839296936988831,0.4784221351146698,1.1161270697245596,0.5520833333333334,0.08289930555555555,2.9481386554737883,True,197
train,train.h5,19637,3,0.014665569178760052,0.013809505850076675,0.007388076279312372,0.4432508680555556,0.0,0.9800234436988831,0.9800234436988831,0.4788954555988312,1.1815867662988881,0.5416666666666666,0.011176215277777778,2.9141616647442183,True,199
train,train.h5,32382,0,0.012027177028357983,0.01634175144135952,0.007412029430270195,0.4641927083333333,0.0,0.9839296936988831,0.9839296936988831,0.4802134335041046,1.2974481667271291,0.5208333333333334,0.054144965277777776,2.889988102018833,True,200
train,train.h5,36530,0,0.009712975472211838,0.020388323813676834,0.008678596466779709,0.3863932291666667,0.0,0.9956419467926025,0.9956419467926025,0.4766997694969177,1.2048379281169581,0.59375,0.2953559027777778,2.8838717142740884,True,202
train,train.h5,9599,3,0.013971828855574131,0.01550581306219101,0.007869147695600986,0.4284939236111111,0.0,0.9850975871086121,0.9850975871086121,0.47724729776382446,1.2458475554443884,0.5442708333333334,0.04513888888888889,2.8512301221489906,True,203
train,train.h5,96719,0,0.013422316871583462,0.015599769540131092,0.008671959862112999,0.4473741319444444,0.0,0.9795781373977661,0.9795781373977661,0.4766174554824829,1.3350975452107274,0.5207248263888888,0.009223090277777778,2.8462814788023625,True,204
train,train.h5,44959,3,0.015789803117513657,0.01610456220805645,0.008375425823032856,0.3276909722222222,0.0,1.0,1.0,0.4640045762062073,1.0932034794148646,0.6458333333333334,0.2644314236111111,2.8424589782953262,True,205
train,train.h5,73010,3,0.007742212153971195,0.02332504466176033,0.006751322653144598,0.3734809027777778,0.0,1.0,1.0,0.47732433676719666,1.0316359985021502,0.6078559027777778,0.3296440972222222,2.840633399784565,True,206
train,train.h5,6226,0,0.01631982997059822,0.013295968063175678,0.008321590721607208,0.4611545138888889,0.0,0.9717656970024109,0.9717656970024109,0.4752439260482788,1.2507882977927751,0.5208333333333334,0.001736111111111111,2.8068634644150734,True,209
train,train.h5,43305,0,0.02048175223171711,0.0088496720418334,0.006396439857780933,0.4818793402777778,0.0,0.9768398404121399,0.9768398404121399,0.47195103764533997,1.3720045658284497,0.5057508680555556,0.004123263888888889,2.803198017179966,True,210
train,train.h5,58776,3,0.010959658771753311,0.02049550600349903,0.007345686666667461,0.390625,0.0,0.9929037094116211,0.9929037094116211,0.4745662212371826,1.303158066749281,0.5942925347222222,0.2807074652777778,2.7944278170665102,True,211
train,train.h5,47806,3,0.019921662285923958,0.014056236483156681,0.006706061773002148,0.4144965277777778,0.0,0.9890038967132568,0.9890038967132568,0.4797232449054718,1.252063416871867,0.5729166666666666,0.3353949652777778,2.5941817487279573,True,215
train,train.h5,14762,0,0.015253148041665554,0.0169866681098938,0.008915990591049194,0.4849175347222222,0.0,0.9867475032806396,0.9867475032806396,0.47978562116622925,1.418668707755621,0.4791666666666667,0.09418402777777778,2.5694289232293763,True,217
train,train.h5,92760,3,0.017848631367087364,0.016729289665818214,0.006310020573437214,0.4041883680555556,0.0,0.9873905777931213,0.9873905777931213,0.47749924659729004,1.18367199316594,0.5729166666666666,0.2645399305555556,2.5541802644729614,True,218
train,train.h5,37298,3,0.02524069882929325,0.011182914488017559,0.00628068670630455,0.2035590277777778,0.0,0.9977070689201355,0.9977070689201355,0.4103085994720459,1.8331372982307301,0.6354166666666666,0.1179470486111111,2.5248841121792793,True,221
train,train.h5,61489,0,0.02139400690793991,0.01352065522223711,0.0064325532875955105,0.4245876736111111,0.0,0.9729336500167847,0.9729336500167847,0.4736790657043457,1.1883952812937957,0.5623914930555556,0.0016276041666666667,2.515943097571532,True,222
train,train.h5,50712,0,0.014959661290049553,0.019380733370780945,0.007435719016939402,0.4370659722222222,0.0,0.9937578439712524,0.9937578439712524,0.483656108379364,1.318803318038173,0.53125,0.3322482638888889,2.5075153559446335,True,223
train,train.h5,90375,3,0.010392970405519009,0.022840244695544243,0.006486210040748119,0.4945746527777778,0.0,0.9921875,0.9921875,0.48857370018959045,1.0349635982996641,0.4791666666666667,0.4742838541666667,2.5032023265957832,True,224
train,train.h5,67256,3,0.01425845455378294,0.021573390811681747,0.008771117776632309,0.42578125,0.0,0.9828047156333923,0.9828047156333923,0.4744012653827667,1.3977284037996345,0.5416666666666666,0.0283203125,2.423710308969021,True,227
train,train.h5,25925,3,0.10086104273796082,0.020694689825177193,0.0008242733310908079,0.0,0.0,0.1373724341392517,0.1373724341392517,0.06246687099337578,0.766113232913407,0.6449652777777778,0.0,2.422947262103359,True,228
train,train.h5,81532,3,0.016421573236584663,0.022751253098249435,0.008683527819812298,0.3250868055555556,0.0,1.0,1.0,0.4622032940387726,1.141377101045342,0.6458333333333334,0.2556423611111111,2.3572282443443933,True,230
train,train.h5,15163,3,0.015447565354406834,0.023022422567009926,0.0073917624540627,0.3642578125,0.0,0.9739301204681396,0.9739301204681396,0.4638931453227997,1.0514600279057702,0.6145833333333334,0.003363715277777778,2.357209138572216,True,231
train,train.h5,36961,0,0.022852804511785507,0.01664779894053936,0.007534966804087162,0.3379991319444444,0.0,0.9859817624092102,0.9859817624092102,0.4562188684940338,1.2654513517499866,0.6458333333333334,0.13020833333333334,2.3353764365116754,True,232
train,train.h5,61245,0,0.012845378369092941,0.024517446756362915,0.01057931687682867,0.4261067708333333,0.0,0.981442391872406,0.981442391872406,0.47219783067703247,1.3335841276199591,0.5310329861111112,0.012261284722222222,2.305694470802943,True,233
train,train.h5,99248,3,0.017040768638253212,0.02328553795814514,0.009089205414056778,0.3274739583333333,0.0,0.9749506115913391,0.9749506115913391,0.44999828934669495,1.3058174031865446,0.6370442708333334,0.003363715277777778,2.2671459664901095,True,234
train,train.h5,97285,0,0.015955282375216484,0.020586300641298294,0.010121595114469528,0.4976128472222222,0.0,0.9887177348136902,0.9887177348136902,0.48095354437828064,1.4097185157884433,0.4683159722222222,0.3268229166666667,2.2663684238990145,True,235
train,train.h5,28369,3,0.016901906579732895,0.02235829271376133,0.008525271899998188,0.4067925347222222,0.0,0.9967734217643738,0.9967734217643738,0.48318231105804443,1.0947108051674697,0.5729166666666666,0.3552517361111111,2.242028380433718,True,237
train,train.h5,72960,0,0.015626484528183937,0.022069761529564857,0.01299334317445755,0.4876302083333333,0.0,0.9917786717414856,0.9917786717414856,0.4784269332885742,1.651312564318611,0.4791666666666667,0.14192708333333334,2.2056669294834137,True,238
train,train.h5,58729,0,0.0195489302277565,0.01951381377875805,0.008926790207624435,0.4905598958333333,0.0,0.9893810749053955,0.9893810749053955,0.47975000739097595,1.4899526149094684,0.4895833333333333,0.1931423611111111,2.1301920662323632,True,240
train,train.h5,18482,3,0.01480911299586296,0.027564141899347305,0.007231466006487608,0.3693576388888889,0.0,0.9754375219345093,0.9754375219345093,0.46398353576660156,1.3295132638021492,0.59375,0.003146701388888889,2.0657413403193154,True,242
train,train.h5,54637,3,0.01859498769044876,0.02475621923804283,0.009306960739195347,0.3415798611111111,0.0,0.9918050765991211,0.9918050765991211,0.4637428820133209,1.2595877133417517,0.6246744791666666,0.2571614583333333,2.04693125685056,True,243
train,train.h5,39620,3,0.011823405511677265,0.029207393527030945,0.008413946256041527,0.4576822916666667,0.0,0.9935898184776306,0.9935898184776306,0.4827682673931122,1.4061652152191644,0.5104166666666666,0.3633897569444444,2.0302383974194527,True,246
train,train.h5,996,0,0.01925235241651535,0.02253478206694126,0.011933478526771069,0.4283854166666667,0.0,0.9763515591621399,0.9763515591621399,0.46659165620803833,1.5562377120978934,0.53125,0.005099826388888889,2.011066034436226,True,248
train,train.h5,60476,3,0.01779254898428917,0.024126920849084854,0.00792702380567789,0.4419487847222222,0.0,0.99609375,0.99609375,0.4829203486442566,1.3605372259302837,0.53125,0.3256293402777778,2.002243677775065,True,249
train,train.h5,88606,0,0.021805593743920326,0.021747013553977013,0.008577913045883179,0.4385850694444444,0.0,0.9949257373809814,0.9949257373809814,0.48041772842407227,1.4457046381414107,0.5415581597222222,0.2613932291666667,1.9088300863901773,True,252
train,train.h5,14308,3,0.021158985793590546,0.022775407880544662,0.007468636147677898,0.4289279513888889,0.0,0.9660117030143738,0.9660117030143738,0.46921879053115845,1.2050213806853656,0.5416666666666666,0.0,1.8835404217243195,True,253
train,train.h5,55849,3,0.02911917306482792,0.015590705908834934,0.0065462589263916016,0.4237196180555556,0.0,0.9871132969856262,0.9871132969856262,0.4802553355693817,1.2009798034660446,0.5619574652777778,0.2771267361111111,1.8622775996724765,True,256
train,train.h5,50623,0,0.023978492245078087,0.02092704363167286,0.010406123474240303,0.4182942708333333,0.0,0.9956483840942383,0.9956483840942383,0.47763901948928833,1.477619072361123,0.5562065972222222,0.2750651041666667,1.8406075040499368,True,259
train,train.h5,84154,0,0.020080363377928734,0.025339078158140182,0.008348091505467892,0.4836154513888889,0.0,0.9972617626190186,0.9972617626190186,0.4870670735836029,1.2847366845486423,0.4895833333333333,0.3861762152777778,1.7064122309287388,True,267
train,train.h5,90216,3,0.02830798737704754,0.020431729033589363,0.006479088217020035,0.4055989583333333,0.0,1.0,1.0,0.48249107599258423,1.2021242486662453,0.5729166666666666,0.3166232638888889,1.6100605726242065,True,272
train,train.h5,38177,0,0.027645545080304146,0.0202395748347044,0.00974879041314125,0.4476996527777778,0.0,0.9695789217948914,0.9695789217948914,0.46984267234802246,1.3548029384499913,0.5171440972222222,0.0009765625,1.583374818166097,True,274
train,train.h5,61047,3,0.02265513688325882,0.025258567184209824,0.01003255881369114,0.4842664930555556,0.0,0.9749491810798645,0.9749491810798645,0.47217774391174316,1.5063430603017802,0.4791666666666667,0.0037977430555555555,1.524503062168757,True,278
train,train.h5,29271,3,0.024108193814754486,0.0257528405636549,0.009285700507462025,0.4342447916666667,0.0,0.9721521735191345,0.9721521735191345,0.46807876229286194,1.4646871053657713,0.5520833333333334,0.0026041666666666665,1.5040560414393742,True,280
train,train.h5,65756,0,0.026577666401863098,0.025507736951112747,0.009341253899037838,0.3973524305555556,0.0,0.9660117030143738,0.9660117030143738,0.46122029423713684,1.4647955340897787,0.5625,0.00021701388888888888,1.371389776468277,True,287
train,train.h5,79756,3,0.02522038109600544,0.029989000409841537,0.011539429426193237,0.3123914930555556,0.0,0.9814623594284058,0.9814623594284058,0.44602569937705994,1.4504273070157647,0.6360677083333334,0.012803819444444444,1.273476128776868,True,289
train,train.h5,53862,3,0.023614011704921722,0.028658470138907433,0.009419277310371399,0.4839409722222222,0.0,0.9983867406845093,0.9983867406845093,0.48616060614585876,1.319647452313411,0.4895833333333333,0.3922526041666667,1.2495428770780563,True,293
train,train.h5,63083,4,0.1849324107170105,0.06294183433055878,0.0002503730065654963,0.0,0.769412636756897,0.7968618273735046,0.027449190616607666,0.005290442146360874,0.346084992920993,0.0,0.0,0.9499253986869007,True,316
train,train.h5,97154,3,0.02971447817981243,0.02857084944844246,0.01326757576316595,0.3435329861111111,0.0,1.0,1.0,0.46389079093933105,1.520878205882037,0.5523003472222222,0.3032769097222222,0.942762012283007,True,317
train,train.h5,32411,4,0.28018733859062195,0.08823350071907043,0.000293687975499779,0.0,0.757707953453064,0.7813032269477844,0.02359527349472046,0.00670939264819026,0.6601532599977114,0.0,0.0,0.9412624049000442,True,318
train,train.h5,9058,4,0.27126044034957886,0.08426595479249954,0.00037686110590584576,0.0,0.7675361633300781,0.7846235632896423,0.01708739995956421,0.004299718886613846,0.5333621110891045,0.0,0.0,0.9246277788188308,True,320
train,train.h5,99714,0,0.028982141986489296,0.02823771722614765,0.01138643454760313,0.4631076388888889,0.0,0.9685027599334717,0.9685027599334717,0.4662807583808899,1.5448081616631963,0.4791666666666667,0.002170138888888889,0.9040927191575368,True,327
train,train.h5,91613,4,0.31412824988365173,0.09955120831727982,0.0009819591650739312,0.0,0.7442275285720825,0.7688930630683899,0.024665534496307373,0.005127645563334227,0.5966966888767499,0.0,0.0,0.8036081669852138,True,350
train,train.h5,44976,4,0.27948346734046936,0.08631854504346848,0.0011263578198850155,0.0,0.7631845474243164,0.7853984832763672,0.02221393585205078,0.004623450338840485,0.26882705184666555,0.0,0.0,0.7747284360229969,True,358
train,train.h5,30112,4,0.30178239941596985,0.10295344144105911,0.0013160258531570435,0.00021701388888888888,0.7370073795318604,0.7911601066589355,0.054152727127075195,0.00966271385550499,0.856919205238007,0.0,0.0,0.7367948293685913,True,365
train,train.h5,93881,4,0.3649466335773468,0.12862256169319153,0.0013564509572461247,0.0,0.6914699077606201,0.7492563128471375,0.057786405086517334,0.012623466551303864,0.9851583182082008,0.0,0.0,0.728709808550775,True,369
train,train.h5,22632,4,0.3761289715766907,0.1336454153060913,0.0015293434262275696,0.0,0.6696648597717285,0.7453930377960205,0.07572817802429199,0.015592574141919613,1.1977724758742399,0.0,0.0,0.6941313147544861,True,377
train,train.h5,20463,4,0.3117971122264862,0.11273416131734848,0.0016517739277333021,0.0007595486111111111,0.7323173880577087,0.8120024800300598,0.07968509197235107,0.012071729637682438,0.9865569246707779,0.0,0.0,0.6696452144533396,True,383
train,train.h5,99518,4,0.3128577172756195,0.11342217773199081,0.001886508660390973,0.0,0.7292652130126953,0.7858437895774841,0.05657857656478882,0.012764477171003819,1.2550845125506922,0.0,0.0,0.6226982679218054,True,387
train,train.h5,64164,4,0.22865642607212067,0.10517214238643646,0.002294458681717515,0.010091145833333334,0.7636299133300781,0.8600025177001953,0.09637260437011719,0.017649229615926743,1.4624516020934972,0.0,0.0,0.541108263656497,True,394
train,train.h5,90909,4,0.31201601028442383,0.11912789195775986,0.0023663798347115517,0.0013020833333333333,0.7323173880577087,0.8259850740432739,0.09366768598556519,0.01519063115119934,1.2046485477516253,0.0,0.0,0.5267240330576897,True,397
train,train.h5,39057,4,0.2946018576622009,0.10170494019985199,0.0024162004701793194,0.00010850694444444444,0.7442275285720825,0.7853984832763672,0.04117095470428467,0.02407095767557621,0.9877127311391867,0.0,0.0,0.5167599059641361,True,399
train,train.h5,8346,4,0.0909908339381218,0.07088854908943176,0.0026252688840031624,0.287109375,0.6541274785995483,0.8889452815055847,0.23481780290603638,0.06345030665397644,2.5642892472169057,0.0,0.0,0.4749462231993675,True,407
train,train.h5,77249,4,0.21668308973312378,0.09237166494131088,0.0026365171652287245,0.0014105902777777778,0.7615411877632141,0.8320780396461487,0.07053685188293457,0.020521482452750206,1.4126867888455392,0.0,0.0,0.4726965669542551,True,408
train,train.h5,7996,4,0.30450111627578735,0.1107577234506607,0.0029708363581448793,0.0008680555555555555,0.7254029512405396,0.804003894329071,0.0786009430885315,0.014180904254317284,1.35195682389524,0.0,0.0,0.40583272837102413,True,423
train,train.h5,330,4,0.29581961035728455,0.10437219589948654,0.00368722015991807,0.0008680555555555555,0.6049755215644836,0.8106914162635803,0.20571589469909668,0.028393056243658066,1.1200693293469,0.0,0.0,0.26255596801638603,True,449
train,train.h5,28470,3,0.5537451505661011,0.053597934544086456,0.0037092387210577726,0.0,0.05866268649697304,0.5422297716140747,0.48356708511710167,0.08202790468931198,1.9733825873138382,0.0,0.0,0.2581522557884455,True,451
train,train.h5,83713,4,0.3373863399028778,0.14579975605010986,0.0038616606034338474,0.018120659722222224,0.6861625909805298,0.8744228482246399,0.1882602572441101,0.02646838128566742,1.3082745615080442,0.0,0.0,0.22766787931323054,True,453
train,train.h5,42955,3,0.3121572732925415,0.09621672332286835,0.004005888011306524,0.0,0.6784595847129822,0.7237915992736816,0.04533201456069946,0.008935639634728432,0.9397084655904883,0.0,0.0,0.19882239773869517,True,459
train,train.h5,91186,3,0.24029821157455444,0.09324343502521515,0.004181968979537487,0.008680555555555556,0.7190915942192078,0.824676513671875,0.10558491945266724,0.023186013102531433,1.711083506406037,0.0,0.0,0.16360620409250262,True,468
train,train.h5,35181,4,0.35194677114486694,0.14218027889728546,0.0043232375755906105,0.010091145833333334,0.6871310472488403,0.861155092716217,0.1740240454673767,0.02384142205119133,1.3330554273154098,0.0,0.0,0.13535248488187793,True,477
train,train.h5,35768,4,0.3132338523864746,0.13147521018981934,0.0045531135983765125,0.011610243055555556,0.7100781202316284,0.8650771975517273,0.15499907732009888,0.02396315522491932,1.602585655910141,0.0,0.0,0.08937728032469751,True,485
train,train.h5,61893,4,0.2525075674057007,0.09737277030944824,0.004648515954613686,0.0003255208333333333,0.595557451248169,0.8281849026679993,0.23262745141983032,0.032885823398828506,1.2819629989373011,0.0,0.0,0.07029680907726289,True,489
train,train.h5,63712,4,0.24666950106620789,0.0955631285905838,0.004800182301551104,0.001736111111111111,0.6701867580413818,0.8320759534835815,0.1618891954421997,0.021603839471936226,1.072114463677775,0.0,0.0,0.0399635396897793,True,499
train,train.h5,16995,3,0.515854001045227,0.03949369862675667,0.0048368219286203384,0.004774305555555556,0.0376628115773201,0.8025856018066406,0.7649227902293205,0.16127434372901917,2.2945204310649334,0.0,0.0,0.03263561427593233,True,502
train,train.h5,95293,4,0.27519872784614563,0.12488706409931183,0.004886563401669264,0.017578125,0.7137070894241333,0.8707538843154907,0.15704679489135742,0.02869979664683342,1.7586303696369252,0.0,0.0,0.022687319666147253,True,508
